TeamName,ID,Name,Email,Game,Skill,Role,Personality
Team 1,Participant_79,user79@university.edu,Chess,5,Supporter,Leader
Team 1,Participant_87,user87@university.edu,Basketball,4,Attacker,Thinker
Team 1,Participant_84,user84@university.edu,FIFA,5,Supporter,Thinker
Team 1,Participant_38,user38@university.edu,Valorant,1,Defender,Balanced
Team 1,Participant_64,user64@university.edu,CS:GO,6,Supporter,Balanced

Team 2,Participant_13,user13@university.edu,DOTA 2,4,Defender,Leader
Team 2,Participant_39,user39@university.edu,FIFA,5,Supporter,Thinker
Team 2,Participant_42,user42@university.edu,DOTA 2,7,Attacker,Thinker
Team 2,Participant_92,user92@university.edu,Basketball,7,Attacker,Balanced
Team 2,Participant_67,user67@university.edu,Basketball,1,Attacker,Balanced

Team 3,Participant_97,user97@university.edu,FIFA,3,Attacker,Leader
Team 3,Participant_45,user45@university.edu,Chess,2,Coordinator,Thinker
Team 3,Participant_54,user54@university.edu,Valorant,8,Supporter,Thinker
Team 3,Participant_8,user8@university.edu,Valorant,10,Defender,Balanced
Team 3,Participant_50,user50@university.edu,Basketball,5,Coordinator,Balanced

Team 4,Participant_40,user40@university.edu,Chess,9,Coordinator,Leader
Team 4,Participant_21,user21@university.edu,FIFA,4,Strategist,Thinker
Team 4,Participant_24,user24@university.edu,DOTA 2,7,Supporter,Thinker
Team 4,Participant_58,user58@university.edu,Valorant,3,Defender,Balanced
Team 4,Participant_98,user98@university.edu,CS:GO,5,Defender,Balanced

Team 5,Participant_49,user49@university.edu,Basketball,3,Supporter,Leader
Team 5,Participant_90,user90@university.edu,Chess,5,Coordinator,Thinker
Team 5,Participant_66,user66@university.edu,Chess,1,Strategist,Thinker
Team 5,Participant_53,user53@university.edu,DOTA 2,7,Defender,Balanced
Team 5,Participant_83,user83@university.edu,DOTA 2,10,Defender,Balanced

Team 6,Participant_55,user55@university.edu,Chess,8,Coordinator,Leader
Team 6,Participant_101,user101@university.edu,FIFA,4,Coordinator,Thinker
Team 6,Participant_36,user36@university.edu,Chess,9,Strategist,Thinker
Team 6,Participant_56,user56@university.edu,Basketball,4,Strategist,Balanced
Team 6,Participant_35,user35@university.edu,Basketball,8,Coordinator,Balanced

Team 7,Participant_28,user28@university.edu,CS:GO,8,Defender,Leader
Team 7,Participant_57,user57@university.edu,CS:GO,7,Attacker,Thinker
Team 7,Participant_6,user6@university.edu,CS:GO,2,Strategist,Thinker
Team 7,Participant_2,user2@university.edu,FIFA,5,Attacker,Balanced
Team 7,Participant_41,user41@university.edu,Basketball,5,Strategist,Balanced

Team 8,Participant_25,user25@university.edu,FIFA,9,Coordinator,Leader
Team 8,Participant_27,user27@university.edu,Chess,6,Attacker,Thinker
Team 8,Participant_69,user69@university.edu,CS:GO,5,Supporter,Thinker
Team 8,Participant_62,user62@university.edu,Basketball,6,Attacker,Balanced
Team 8,Participant_68,user68@university.edu,Chess,1,Defender,Balanced

Team 9,Participant_16,user16@university.edu,CS:GO,6,Strategist,Leader
Team 9,Participant_75,user75@university.edu,Valorant,8,Coordinator,Thinker
Team 9,Participant_48,user48@university.edu,Valorant,6,Defender,Thinker
Team 9,Participant_100,user100@university.edu,CS:GO,7,Coordinator,Balanced
Team 9,Participant_61,user61@university.edu,CS:GO,7,Strategist,Balanced

Team 10,Participant_94,user94@university.edu,CS:GO,2,Supporter,Leader
Team 10,Participant_9,user9@university.edu,CS:GO,6,Supporter,Thinker
Team 10,Participant_33,user33@university.edu,FIFA,7,Defender,Thinker
Team 10,Participant_5,user5@university.edu,CS:GO,9,Coordinator,Balanced
Team 10,Participant_22,user22@university.edu,Chess,9,Attacker,Balanced

Team 11,Participant_37,user37@university.edu,DOTA 2,8,Attacker,Leader
Team 11,Participant_30,user30@university.edu,CS:GO,4,Coordinator,Thinker
Team 11,Participant_93,user93@university.edu,CS:GO,4,Defender,Thinker
Team 11,Participant_77,user77@university.edu,FIFA,2,Attacker,Balanced
Team 11,Participant_86,user86@university.edu,FIFA,9,Strategist,Balanced

Team 12,Participant_70,user70@university.edu,Basketball,1,Coordinator,Leader
Team 12,Participant_15,user15@university.edu,DOTA 2,8,Coordinator,Thinker
Team 12,Participant_81,user81@university.edu,FIFA,10,Strategist,Thinker
Team 12,Participant_34,user34@university.edu,FIFA,7,Supporter,Balanced
Team 12,Participant_47,user47@university.edu,DOTA 2,10,Attacker,Balanced

Team 13,Participant_85,user85@university.edu,Basketball,10,Coordinator,Leader
Team 13,Participant_72,user72@university.edu,DOTA 2,5,Attacker,Thinker
Team 13,Participant_78,user78@university.edu,FIFA,6,Defender,Thinker
Team 13,Participant_44,user44@university.edu,FIFA,6,Supporter,Balanced
Team 13,Participant_74,user74@university.edu,FIFA,3,Supporter,Balanced

Team 14,Participant_73,user73@university.edu,DOTA 2,8,Defender,Leader
Team 14,Participant_18,user18@university.edu,FIFA,3,Defender,Thinker
Team 14,Participant_14,user14@university.edu,FIFA,3,Supporter,Balanced
Team 14,Participant_26,user26@university.edu,Chess,8,Strategist,Balanced
Team 14,Participant_80,user80@university.edu,Basketball,1,Coordinator,Balanced

Team 15,Participant_31,user31@university.edu,Basketball,8,Strategist,Leader
Team 15,Participant_99,user99@university.edu,Valorant,3,Supporter,Thinker
Team 15,Participant_11,user11@university.edu,Basketball,8,Strategist,Balanced
Team 15,Participant_82,user82@university.edu,Valorant,10,Attacker,Balanced
Team 15,Participant_1,user1@university.edu,Chess,2,Strategist,Balanced

Team 16,Participant_7,user7@university.edu,DOTA 2,5,Attacker,Leader
Team 16,Participant_63,user63@university.edu,Chess,8,Defender,Thinker
Team 16,Participant_71,user71@university.edu,Chess,8,Strategist,Balanced
Team 16,Participant_59,user59@university.edu,DOTA 2,4,Supporter,Balanced
Team 16,Participant_19,user19@university.edu,FIFA,9,Supporter,Balanced

Team 17,Participant_10,user10@university.edu,Valorant,5,Coordinator,Leader
Team 17,Participant_96,user96@university.edu,DOTA 2,8,Strategist,Thinker
Team 17,Participant_17,user17@university.edu,CS:GO,10,Attacker,Balanced
Team 17,Participant_65,user65@university.edu,DOTA 2,7,Coordinator,Balanced
Team 17,Participant_32,user32@university.edu,DOTA 2,2,Attacker,Balanced

Team 18,Participant_4,user4@university.edu,Basketball,4,Supporter,Leader
Team 18,Participant_12,user12@university.edu,DOTA 2,3,Attacker,Thinker
Team 18,Participant_95,user95@university.edu,CS:GO,2,Coordinator,Balanced
Team 18,Participant_89,user89@university.edu,Chess,6,Supporter,Balanced

Team 19,Participant_88,user88@university.edu,FIFA,4,Defender,Leader
Team 19,Participant_60,user60@university.edu,CS:GO,4,Coordinator,Thinker
Team 19,Participant_46,user46@university.edu,CS:GO,5,Strategist,Balanced
Team 19,Participant_23,user23@university.edu,CS:GO,3,Defender,Balanced

Team 20,Participant_43,user43@university.edu,DOTA 2,2,Defender,Leader
Team 20,Participant_51,user51@university.edu,FIFA,2,Strategist,Thinker
Team 20,Participant_29,user29@university.edu,Basketball,5,Supporter,Balanced
Team 20,Participant_20,user20@university.edu,Valorant,3,Coordinator,Balanced

Team 21,Participant_91,user91@university.edu,FIFA,10,Strategist,Leader
Team 21,Participant_3,user3@university.edu,FIFA,4,Defender,Thinker
Team 21,Participant_52,user52@university.edu,FIFA,2,Attacker,Balanced
Team 21,Participant_76,user76@university.edu,FIFA,7,Strategist,Balanced

